"11232","DVDs & Movies",,,,,,,"11232","11232"
"617","DVDs & Movies","DVDs & Blu-ray Discs",,,,,,"617","11232"
"63821","DVDs & Movies","Film Stock",,,,,,"63821","11232"
"381","DVDs & Movies","Laserdiscs",,,,,,"381","11232"
"132975","DVDs & Movies","UMDs",,,,,,"132975","11232"
"309","DVDs & Movies","VHS Tapes",,,,,,"309","11232"
"41676","DVDs & Movies","Other Formats",,,,,,"41676","11232"
"52554","DVDs & Movies","Storage & Media Accessories",,,,,,"52554","11232"
"31606","DVDs & Movies","Wholesale Lots",,,,,,"31606","11232"
"46760","DVDs & Movies","Wholesale Lots","DVDs & Blu-ray Discs",,,,,"46760","31606"
"46765","DVDs & Movies","Wholesale Lots","VHS Tapes",,,,,"46765","31606"
"46771","DVDs & Movies","Wholesale Lots","Other",,,,,"46771","31606"
