"11233","Music",,,,,,,"11233","11233"
"176983","Music","Cassettes",,,,,,"176983","11233"
"176984","Music","CDs",,,,,,"176984","11233"
"176985","Music","Records",,,,,,"176985","11233"
"618","Music","Other Formats",,,,,,"618","11233"
"52473","Music","Storage & Media Accessories",,,,,,"52473","11233"
"31608","Music","Wholesale Lots",,,,,,"31608","11233"
"46497","Music","Wholesale Lots","CDs",,,,,"46497","31608"
"46501","Music","Wholesale Lots","Records",,,,,"46501","31608"
"31610","Music","Wholesale Lots","Cassettes",,,,,"31610","31608"
"45104","Music","Wholesale Lots","Other",,,,,"45104","31608"
